{"baseline": {"mad_ms": 0.074798583984375, "median_ms": 279.6922912597656, "samples_ms": [279.7066345214844, 279.7547607421875, 279.60516357421875, 279.2806396484375, 279.6779479980469, 279.8078308105469]}, "configuration": {"baseline": "same FDTD grid with no ports or embedded network", "cuda_graph_active": {"field": true, "network": true, "port_observer": true}, "cuda_graph_requested": true, "expected_linear_state_count": 256, "fit_time_ms": 0.0, "grid_cells_per_axis": 64, "implicit_solve_size": 8, "maximum_overhead_pct": 10.0, "model_order": 32, "network_state_count": 256, "peak_memory_bytes": 163200000, "ports": 8, "rounds": 3, "spatial_communication_bytes_per_step": 0, "time_steps": 2000}, "connected": {"mad_ms": 0.2314453125, "median_ms": 665.9415893554688, "samples_ms": [665.9465942382812, 667.0137939453125, 665.663330078125, 665.7569580078125, 665.9365844726562, 666.8607177734375]}, "environment": {"compute_capability": "8.6", "cuda_runtime": "13.0", "device_name": "NVIDIA RTX A6000", "platform": "Linux-6.17.0-35-generic-x86_64-with-glibc2.39", "python": "3.11.15", "torch": "2.13.0+cu130"}, "kind": "network_embedding_performance", "overhead_pct": 138.09794197615983, "passed": false, "schema_version": 1, "timestamp_utc": "2026-07-17T20:40:09.203609+00:00"}
