{"baseline": {"checkpoint_tensor_bytes": 0, "circuit_graph": false, "communication_bytes_per_step": 0, "configuration": {"cuda_graph": true, "grid_cells": 64, "steps": 1000, "unknown_count": null}, "factorization_count": null, "field_graph": true, "max_ms_per_step": 0.9462200317382813, "median_ms_per_step": 0.9397068786621094, "median_setup_and_finalize_ms": 10.885772705078125, "min_ms_per_step": 0.9263165283203125, "samples_ms_per_step": [0.9323591918945313, 0.9442952270507813, 0.940421142578125, 0.9390489501953125, 0.9403648071289062, 0.9331978149414063, 0.9263165283203125, 0.9462200317382813, 0.9351659545898438, 0.9441474609375], "samples_setup_and_finalize_ms": [10.698852539062386, 10.23577880859375, 11.2379150390625, 11.128173828125, 10.07513427734375, 10.749755859375, 10.51361083984375, 11.02178955078125, 11.47076416015625, 11.6905517578125]}, "batched_solves": [{"batch_size": 32, "elapsed_ms": 48.57670211791992, "factorization_ms": 2.0776960849761963, "iterations": 1000, "max_condition": 6.057030200958252, "microseconds_per_batched_solve": 48.57670211791992, "microseconds_per_system": 1.5180219411849976, "unknown_count": 8}, {"batch_size": 32, "elapsed_ms": 47.9447021484375, "factorization_ms": 4.279295921325684, "iterations": 1000, "max_condition": 5.773683547973633, "microseconds_per_batched_solve": 47.9447021484375, "microseconds_per_system": 1.4982719421386719, "unknown_count": 32}, {"batch_size": 32, "elapsed_ms": 141.15122985839844, "factorization_ms": 105.19449615478516, "iterations": 1000, "max_condition": 5.069414138793945, "microseconds_per_batched_solve": 141.15122985839844, "microseconds_per_system": 4.410975933074951, "unknown_count": 128}], "circuit_32_vs_pure_no_rf": {"circuit_median_ms_per_step": 0.33446553039550786, "overhead_pct": 407.19281046246454, "paired_round_ratios": [5.179133287377979, 5.071928104624646, 4.9216654515140155, 5.066536866258356, 5.180804182589613]}, "circuits": {"128": {"checkpoint_tensor_bytes": 1032, "circuit_graph": true, "communication_bytes_per_step": 0, "configuration": {"cuda_graph": true, "grid_cells": 64, "steps": 1000, "unknown_count": 128}, "factorization_count": 1, "field_graph": true, "max_ms_per_step": 0.337564453125, "median_ms_per_step": 0.33365042114257815, "median_setup_and_finalize_ms": 104.01272583007812, "min_ms_per_step": 0.32882586669921876, "overhead_pct": -64.52816408624804, "paired_baseline": {"checkpoint_tensor_bytes": 0, "circuit_graph": false, "communication_bytes_per_step": 0, "configuration": {"cuda_graph": true, "grid_cells": 64, "steps": 1000, "unknown_count": null}, "factorization_count": null, "field_graph": true, "max_ms_per_step": 0.9475683593750002, "median_ms_per_step": 0.9395026550292969, "median_setup_and_finalize_ms": 10.502746582031193, "min_ms_per_step": 0.9334620361328125, "samples_ms_per_step": [0.9421598510742187, 0.9354535522460937, 0.9357158203125, 0.936845458984375, 0.946282470703125, 0.9475683593750002, 0.9456025390625, 0.9463144531250001, 0.9334620361328125, 0.9360947265625], "samples_setup_and_finalize_ms": [10.55914306640625, 11.0135498046875, 10.58013916015625, 16.703369140625, 10.29095458984375, 10.446350097656136, 10.4315185546875, 12.064941406249886, 10.34332275390625, 9.92510986328125]}, "paired_round_ratios": [0.35673833587027043, 0.3556710022971284, 0.3545011430007143, 0.3536062552553188, 0.35471835913751965], "samples_ms_per_step": [0.3322522277832031, 0.337564453125, 0.33718988037109376, 0.32882586669921876, 0.3344271240234375, 0.3369451599121094, 0.33611996459960936, 0.33287371826171874, 0.33218371582031253, 0.33098239135742186], "samples_setup_and_finalize_ms": [105.74761962890625, 103.13906860351562, 104.02511596679688, 103.86544799804688, 105.39041137695312, 106.56878662109375, 106.49871826171875, 103.310302734375, 102.31494140624994, 104.00033569335938]}, "32": {"checkpoint_tensor_bytes": 264, "circuit_graph": true, "communication_bytes_per_step": 0, "configuration": {"cuda_graph": true, "grid_cells": 64, "steps": 1000, "unknown_count": 32}, "factorization_count": 1, "field_graph": true, "graph_speedup_vs_eager": 3.8494977450048116, "max_ms_per_step": 0.3396044921875, "median_ms_per_step": 0.3315461120605469, "median_setup_and_finalize_ms": 38.46856689453125, "min_ms_per_step": 0.32751821899414063, "overhead_pct": -64.50715962269253, "paired_baseline": {"checkpoint_tensor_bytes": 0, "circuit_graph": false, "communication_bytes_per_step": 0, "configuration": {"cuda_graph": true, "grid_cells": 64, "steps": 1000, "unknown_count": null}, "factorization_count": null, "field_graph": true, "max_ms_per_step": 0.9462200317382813, "median_ms_per_step": 0.9397068786621094, "median_setup_and_finalize_ms": 10.885772705078125, "min_ms_per_step": 0.9263165283203125, "samples_ms_per_step": [0.9323591918945313, 0.9442952270507813, 0.940421142578125, 0.9390489501953125, 0.9403648071289062, 0.9331978149414063, 0.9263165283203125, 0.9462200317382813, 0.9351659545898438, 0.9441474609375], "samples_setup_and_finalize_ms": [10.698852539062386, 10.23577880859375, 11.2379150390625, 11.128173828125, 10.07513427734375, 10.749755859375, 10.51361083984375, 11.02178955078125, 11.47076416015625, 11.6905517578125]}, "paired_round_ratios": [0.35150449606541834, 0.3568703622529076, 0.3549284037730748, 0.35267074035649504, 0.3595439833058526], "samples_ms_per_step": [0.3319695434570313, 0.3276829223632813, 0.3396044921875, 0.33112268066406253, 0.32751821899414063, 0.3374623718261719, 0.32944024658203125, 0.3309486083984375, 0.3372863464355469, 0.33840948486328126], "samples_setup_and_finalize_ms": [37.66094970703119, 35.84051513671869, 38.4930419921875, 39.49902343749994, 38.86474609375, 37.2576904296875, 38.497802734375, 40.2322998046875, 38.444091796875, 37.931182861328125]}, "8": {"checkpoint_tensor_bytes": 72, "circuit_graph": true, "communication_bytes_per_step": 0, "configuration": {"cuda_graph": true, "grid_cells": 64, "steps": 1000, "unknown_count": 8}, "factorization_count": 1, "field_graph": true, "max_ms_per_step": 0.3372267456054688, "median_ms_per_step": 0.3326095428466797, "median_setup_and_finalize_ms": 22.327804565429688, "min_ms_per_step": 0.3260376586914063, "overhead_pct": -64.3200613812851, "paired_baseline": {"checkpoint_tensor_bytes": 0, "circuit_graph": false, "communication_bytes_per_step": 0, "configuration": {"cuda_graph": true, "grid_cells": 64, "steps": 1000, "unknown_count": null}, "factorization_count": null, "field_graph": true, "max_ms_per_step": 0.9381744384765626, "median_ms_per_step": 0.9338526000976562, "median_setup_and_finalize_ms": 11.520111083984375, "min_ms_per_step": 0.9255249633789062, "samples_ms_per_step": [0.9261167602539063, 0.9363167114257813, 0.9381744384765626, 0.9342156982421875, 0.9330565185546875, 0.9255249633789062, 0.933489501953125, 0.93421875, 0.9283174438476562, 0.9367060546875], "samples_setup_and_finalize_ms": [11.973510742187386, 12.251464843749886, 12.259765624999886, 13.45086669921875, 10.89501953125, 9.947265625, 10.0047607421875, 11.65594482421875, 11.38427734375, 10.18304443359375]}, "paired_round_ratios": [0.3575715955667722, 0.3583521203341631, 0.35376900114180165, 0.35449135328758336, 0.35679938618714907], "samples_ms_per_step": [0.3346657409667969, 0.33128756713867186, 0.33374822998046877, 0.3372267456054688, 0.33147085571289064, 0.3260376586914063, 0.32809063720703124, 0.33399578857421874, 0.3369625549316406, 0.3284766845703125], "samples_setup_and_finalize_ms": [21.724304199218693, 23.0753173828125, 25.233734130859375, 22.267517089843693, 22.377105712890625, 21.835296630859375, 24.413970947265625, 21.348175048828125, 22.27850341796875, 24.50897216796875]}}, "eager_32": {"checkpoint_tensor_bytes": 264, "circuit_graph": false, "communication_bytes_per_step": 0, "configuration": {"cuda_graph": false, "grid_cells": 64, "steps": 1000, "unknown_count": 32}, "factorization_count": 1, "field_graph": false, "max_ms_per_step": 1.2834622802734375, "median_ms_per_step": 1.2762860107421878,